,propertyA,propertyB,propertyC,propertyD
0,0.49363599999999996,0.34849809999999964,-2.955704875732101,5.667206
1,2.6181719999999995,0.43467560000000033,-2.2781613193159,5.828096999999999
2,3.2009420000000017,0.4008059,-2.4863439569977,6.489941
3,2.577170000000003,0.3905344999999998,-2.0831785997979995,5.875285000000003
4,2.0573739999999994,0.5022312999999999,-2.6005140616312996,9.322722000000002
5,3.035448999999998,0.3638999,-2.0546632352727,4.285819999999999
6,1.5815839999999997,0.39550419999999975,-2.269433664619102,6.1268959999999995
7,3.3185530000000023,0.3923075000000001,-2.281067471587602,6.010540000000002
8,3.049505000000001,0.36751510000000015,-1.6660250379040005,6.040825999999998
9,2.74233,0.39467159999999973,-2.0360732644677015,5.840244999999998
10,3.686968000000001,0.35342699999999994,-2.3596662123804,4.39266
11,3.007568,0.39920609999999995,-2.633077801299899,6.344396999999997
12,1.2049249999999996,0.4122932000000003,-2.4773068176345006,7.060447999999996
13,2.071324999999999,0.3887169000000002,-2.3434080406304023,5.908035000000004
14,2.0862310000000006,0.3895250000000001,-2.3682039757311997,5.309973999999999
15,1.3810170000000008,0.4084137999999999,-2.5635976250998014,6.752458000000003
16,2.6729500000000015,0.35923479999999974,-2.1290898379988987,5.537110000000005
17,2.903338999999999,0.41443870000000005,-2.2086384663770993,6.1118060000000005
18,1.8505919999999998,0.4527036,-2.6875353271421996,8.138107000000002
19,1.9612349999999994,0.37191510000000005,-2.2541570947863003,4.611693999999999
20,2.1344380000000003,0.3754950999999999,-2.7773850671466986,4.514588999999997
21,1.4176460000000004,0.41722420000000005,-2.601005434320702,6.819036000000003
22,3.0092549999999987,0.38167669999999987,-2.194184619016299,5.196716000000002
23,4.180156,0.3740470000000001,-1.8792174564218,4.964166
24,0.10185699999999998,0.47651786666666646,-3.2243276372379,8.787455000000001
25,0.8221909999999998,0.3936177,-2.860854564522798,6.777309000000003
26,3.0639339999999997,0.36081860000000043,-2.0820899064907024,5.806024
27,1.437438,0.3980850999999997,-2.5404609264726017,6.390514
28,1.6043340000000004,0.3771049999999997,-2.549650784751198,4.255155999999999
29,3.180042999999998,0.4013414000000004,-2.2026488682121,5.803323999999999
30,2.1061760000000014,0.3742198999999996,-1.9398935890771014,6.219529999999999
31,3.0728649999999993,0.34514629999999996,-2.426397722302501,4.058059999999998
32,0.06500799999999998,0.4944316984126978,-2.8792363363979985,8.943127892857127
33,2.331433999999999,0.37801350000000006,-1.6642897627932998,5.712408
34,2.4496470000000006,0.3113833000000001,-2.3701249873767973,2.9897979999999995
35,2.188224,0.3521698000000001,-1.8809033193012998,5.143628999999994
36,1.1792850000000008,0.4109101000000003,-2.4900438347377,6.547507999999999
37,2.6331900000000004,0.42385470000000003,-2.8385852941267014,7.011316999999998
38,2.629747000000001,0.37872119999999987,-2.4068329288839996,6.035013999999997
39,4.0991290000000005,0.46964659999999986,-2.3068629242830996,7.455972999999997
40,3.105791,0.32096289999999994,-1.7630348280062011,5.369704
41,1.258332,0.4235943,-2.6229948811825996,6.6128000000000045
42,3.712791000000001,0.3986067999999999,-2.5641712619381014,6.471134999999996
43,1.4206020000000001,0.4194424000000002,-2.4209715540497996,6.846670000000001
44,1.861953,0.3626829000000002,-2.4590454016077015,4.859935
45,2.554562,0.3898479,-2.3530770779374994,5.352479
46,1.5833579999999992,0.4256830000000003,-2.5534981153127982,6.715945
47,3.134935999999999,0.4037435000000001,-2.3371585356487974,6.066315
48,2.025184000000001,0.38088089999999997,-2.4865452712861993,6.020007
49,3.0755939999999957,0.3824401000000001,-2.204872788931701,5.490016000000002
50,1.6460059999999992,0.4113335999999998,-2.7705654762077985,7.141756999999995
51,3.6437709999999996,0.3888561000000002,-2.256624417823202,6.255223999999994
52,2.5892349999999995,0.3743891,-2.0199213177958,4.243148999999999
53,4.0375859999999975,0.45297410000000027,-2.1289386211045995,7.495433999999998
54,1.5215040000000004,0.40031170000000016,-2.2510477536441997,6.3922859999999995
55,1.6994209999999996,0.3489556,-2.0966700562508005,6.9433640000000025
56,1.7244900000000003,0.3656012999999998,-2.3749462723564,5.576134999999998
57,1.5066950000000014,0.4055415000000002,-2.421117265982799,7.028067999999994
58,2.7497669999999994,0.3930317999999998,-1.7046104131906992,6.505908999999997
59,1.6587659999999993,0.3854828000000001,-2.2883781704583996,6.195208
60,2.0397690000000006,0.3513615999999999,-2.2733939472485982,3.9230800000000006
61,2.548500000000001,0.3890504999999996,-1.5536379550758017,6.389015999999998
62,3.318659999999998,0.3853726999999999,-2.3376795388208005,6.247056000000002
63,2.233284,0.4030294000000001,-2.4915647115566997,6.425661
64,3.453050000000002,0.36058019999999985,-2.1238706605138997,5.542906000000004
65,3.1911149999999977,0.3914045999999999,-1.9390715267510998,5.537932000000003
66,3.291208,0.3507812000000002,-2.0828282032781,5.458672999999997
67,2.0969549999999995,0.4111619999999996,-2.2896118936453025,6.516939
68,1.6809600000000002,0.40132180000000034,-2.2149799524446987,6.848072999999999
69,2.4670399999999986,0.34143060000000014,-1.9529297144731004,5.299701000000002
70,1.252922000000001,0.40100000000000036,-2.2964517513583,6.598908000000003
71,2.287163,0.3733627,-2.285119066355198,3.967076000000002
72,2.536905,0.41747299999999987,-2.8126016650764014,6.851109999999995
73,1.7177379999999989,0.3524961999999999,-2.2356636120637985,5.847017999999997
74,4.960002,0.3977178,-1.9863459690066998,6.181027999999999
75,3.235238,0.40711200000000025,-2.2214279295990993,5.765410000000002
76,1.7440509999999998,0.42711619999999995,-2.3704744611417015,7.174454999999998
77,4.470696000000002,0.3551743999999999,-1.9144687792736008,4.977896
78,2.1087720000000005,0.4487995000000001,-2.984740840108701,7.539614000000003
79,1.2818649999999996,0.4235390999999997,-2.9359536035002005,6.710649000000001
80,3.679621999999999,0.3339496999999998,-1.6055191854982,4.064543000000001
81,4.073147999999998,0.3621783000000001,-1.907232047116601,4.930319999999999
82,1.619149000000001,0.41417909999999997,-2.2085055422331994,7.106739000000005
83,3.5234669999999952,0.39312960000000013,-2.3073388755402013,5.662115000000001
84,1.6178530000000004,0.3713250000000001,-2.4786902352205016,5.910200999999998
85,1.9362799999999998,0.462635,-2.361424116003999,8.836322000000001
86,1.631043000000001,0.4420569999999994,-2.1345219313466006,6.4519229999999945
87,2.1903300000000003,0.32072229999999985,-2.0918606011599987,4.743538000000002
88,1.8509130000000016,0.35872359999999964,-1.8243918311282998,5.765270999999998
89,3.2191520000000002,0.40513289999999985,-2.4602452936394994,5.816737
90,2.807054,0.3712643,-2.214713180084301,4.335833999999999
91,3.2338129999999983,0.3351837,-2.3071545742093007,4.243686000000002
92,2.316624000000001,0.39925469999999996,-2.6091570012175005,5.860398
93,2.7317349999999987,0.34901390000000004,-2.528734656979098,3.951749000000004
94,1.7811730000000008,0.3438291000000001,-2.0074187929769023,3.8603089999999987
95,1.37431,0.39102220000000015,-2.604537850859901,6.051032999999997
96,1.7751569999999994,0.4123977999999998,-2.2298209315821,7.169747000000006
97,4.016818000000003,0.39958200000000005,-1.2168258936920016,7.041618999999996
98,2.014756,0.5079444,-2.7004118975671996,9.487367999999998
99,1.1326439999999993,0.4472894999999999,-2.8153868691639987,7.755564000000008
100,2.5116389999999997,0.44302560000000013,-2.4575661065966012,7.501343000000003
101,2.2659250000000006,0.4216061999999999,-2.4618236037093,6.480410000000002
102,1.8178830000000006,0.44723100000000005,-2.5310373644137005,7.746417000000004
103,2.759683999999999,0.36068560000000005,-2.1436895962767992,5.504399000000002
104,0.8090440000000001,0.3850999000000002,-2.7078043997202004,6.493486000000005
105,3.294801999999998,0.3707378999999999,-2.3364683111849005,6.304247000000004
106,3.193315,0.32346290000000016,-1.3877560701911005,4.592820000000002
107,1.663418,0.38211970000000045,-2.0977460336707994,5.663357000000001
108,2.3068830000000005,0.4275536,-2.3902398294845013,6.805994000000002
109,2.0788439999999984,0.34554710000000005,-1.994572611308801,4.870394000000001
110,1.704272,0.38269630000000004,-2.1231924942627005,6.260573000000002
111,2.9061189999999995,0.38379629999999987,-1.6150336576135005,6.351895000000001
112,2.0521520000000004,0.3692505,-2.2560733871303014,4.2589570000000005
113,0.9100359999999995,0.4507509999999999,-2.535688427686701,6.575540000000002
114,4.9952740000000055,0.3229686999999999,-2.1843962005009003,4.020323999999997
115,0.6650769999999996,0.4109347,-2.7414357095081,6.908412000000002
116,3.3312989999999996,0.3635771999999999,-1.7954509254300006,5.949547
117,2.0306160000000006,0.4436318999999998,-2.7336405710765006,7.495094000000002
118,1.9360549999999983,0.43107679999999987,-2.466618231472001,6.982444000000002
119,1.862493,0.47076080000000003,-2.2391526774503006,7.996006999999997
120,1.7569620000000008,0.40787340000000005,-2.258697616230302,5.9070170000000015
121,3.8239599999999996,0.3640128000000003,-1.526351196305201,5.553607000000003
122,1.3920700000000001,0.3502234,-2.2848261385976,5.540075000000006
123,3.084325999999999,0.40165439999999997,-2.550411806849801,6.442408000000001
124,1.1297720000000002,0.40069249999999984,-2.333697312070699,5.999746000000004
125,3.5412629999999985,0.3113000000000001,-1.934807894736001,2.8387519999999995
126,1.6739910000000002,0.4080293,-2.0970541853225995,7.454281999999999
127,2.2557419999999997,0.4798441000000003,-2.5797883983169014,8.542991999999996
128,2.988491999999999,0.40027149999999984,-2.349864855168601,6.3450019999999965
129,1.7964319999999985,0.4042260999999999,-2.1300087079707994,6.516468999999997
130,1.966078000000001,0.43364180000000013,-2.167257500036498,7.361696999999997
131,1.4492930000000013,0.3861195000000002,-2.635443097037401,6.579254000000001
132,0.3900580000000003,0.3976931000000002,-2.769448469833699,6.8561770000000015
133,3.164969999999999,0.4530268000000001,-2.4153159520329,7.521259999999997
134,1.9300499999999994,0.41184679999999996,-2.4914289053652006,6.556720000000001
135,3.8959710000000043,0.38983749999999984,-1.7163118948368998,6.615154
136,4.054854,0.39847560000000004,-2.2815813113031003,5.722600999999997
137,3.6452500000000003,0.3824011,-2.541968355639299,6.292474000000002
138,1.3720190000000003,0.4131792999999999,-3.0048753547177,6.711617
139,1.9714979999999982,0.4180914000000001,-2.3411785810791006,7.321062999999997
140,2.7333040000000017,0.3560492999999999,-1.8942184208494999,5.888148000000004
141,0.8101590000000001,0.3517527,-2.089040587658201,5.637039000000003
142,2.332836999999999,0.42069139999999977,-2.6221340191701006,6.909725
143,3.173172,0.3588534000000002,-1.969455267876101,5.160685
144,1.5409950000000012,0.4454721000000002,-2.4076193883431016,7.530685000000001
145,1.5427499999999994,0.3974348,-2.4671251394864013,6.780262000000004
146,1.8306209999999996,0.4105379,-2.3986549973030997,6.980350999999998
147,2.4193639999999994,0.4048420000000001,-1.8818433828114995,6.351481000000002
148,3.0851090000000005,0.38653350000000003,-1.5340384669395006,6.369149000000002
149,4.941163000000004,0.33689860000000005,-2.0558177218630007,5.601387000000002
150,1.7133869999999993,0.49340249999999997,-1.9106590714815008,8.654531999999996
151,3.268934999999999,0.3776283999999999,-2.0587780960638025,4.8792919999999995
152,1.9560899999999999,0.3991664999999998,-2.2775753870525004,6.321396000000002
153,2.167725000000001,0.4407452999999999,-2.451555717510801,7.366977999999994
154,4.0114550000000015,0.37686900000000007,-2.0585560023995986,5.740296999999998
155,4.979025000000003,0.37545979999999995,-2.2642559298294986,6.110718999999994
156,1.0030340000000002,0.42150079999999973,-2.9592633474722,6.703488999999998
157,4.560315,0.38362749999999984,-1.882731177676401,5.547816000000001
158,3.2534609999999997,0.38450530000000005,-2.072683250349799,5.6715000000000035
159,3.0044070000000005,0.3602227000000003,-2.086245213276099,5.00209
160,1.9918529999999992,0.35648119999999994,-2.1867359950733003,5.936460000000002
161,2.102145,0.4485877000000001,-2.0551630132590994,6.439415999999999
162,1.5459690000000001,0.3915493999999998,-2.7254099370296982,6.487840000000003
163,2.0861220000000005,0.4358181000000002,-2.489124329792098,7.342983999999999
164,2.476610000000001,0.3675716000000002,-2.0169771767431,4.209457
165,2.586127000000001,0.3746196999999999,-1.5936077735232002,6.024964000000001
166,1.1314790000000006,0.4537659500000001,-2.6730642341898996,7.801159000000004
167,2.0748970000000004,0.4739622000000002,-2.4861905864889975,8.130744000000007
168,1.7821650000000013,0.4214956,-2.255445078074801,6.8291530000000025
169,3.1134650000000006,0.3877821000000001,-2.126904806437201,5.1835410000000035
170,3.435746000000001,0.3888804000000001,-1.4306962541909014,5.378634000000002
171,3.743022999999999,0.4040728000000001,-2.3730467140663976,6.702499000000006
172,3.312305000000001,0.36286739999999995,-1.8689640085193,5.952935
173,1.6967489999999992,0.40853970000000006,-2.3286850042532006,6.626544999999993
174,1.6897329999999997,0.4071251000000001,-1.9942891522224997,5.908581999999998
175,4.001988000000001,0.3688688000000001,-2.3619727354726,4.749119000000002
176,1.471777,0.4155093000000003,-2.5102466170641016,6.569291999999997
177,3.1681850000000003,0.39026819999999984,-2.233832326147298,5.903954000000002
178,2.4228999999999994,0.3996982000000001,-2.3864917711909004,6.824968999999999
179,1.7690689999999996,0.4118168000000001,-2.438050616239401,7.174076999999994
180,1.4794959999999993,0.3594866999999999,-2.519870868138299,5.745250999999997
181,2.060951,0.41159279999999987,-2.0130008925944014,7.364611999999997
182,3.2608850000000023,0.39714510000000014,-1.6554551911619004,6.454868000000001
183,0.10092499999999992,0.47573666666666653,-3.2274420044134007,8.799519000000004
184,2.0385429999999998,0.3349313,-1.9648597180747007,4.763334000000001
185,2.207019000000001,0.42051130000000014,-2.4505024657870997,6.027339000000003
186,3.3706310000000004,0.3671186999999999,-1.8371529316914001,6.100022999999998
187,4.576097000000001,0.37494529999999954,-1.7372121980678004,5.8973410000000035
188,2.7738190000000005,0.4161896000000002,-2.421977205988098,6.144472000000003
189,3.1215029999999997,0.32767460000000015,-1.9346508186912994,3.9017650000000015
190,3.8029450000000025,0.3634217,-2.0047664197932,4.333281999999995
191,1.8156839999999987,0.3826024000000001,-2.5510455808119006,6.091265000000002
192,2.107635,0.4615496000000002,-1.9963713781663004,7.711267
193,2.5959629999999994,0.3854756,-1.804123069637,6.162842999999999
194,1.517342999999999,0.4466248000000002,-1.916995842914201,7.538119999999993
195,1.2714219999999994,0.4223061999999998,-2.8874899426703995,6.731102999999999
196,2.3911180000000014,0.3845771000000003,-2.0587945980009996,6.082645999999999
197,0.824176,0.3974562000000001,-2.7005787288536003,6.972925000000003
198,2.7591069999999984,0.3641113000000002,-2.333179233916301,4.383243000000004
199,2.104433999999999,0.40951679999999996,-2.4732271593148996,6.790072000000004
200,1.232646,0.3819743,-2.727981838848099,5.719589999999999
201,3.346428999999998,0.4027242000000001,-1.9764871419641015,5.638822000000004
202,3.750547000000001,0.3903688,-1.9130380738821002,6.1512169999999955
203,3.1427700000000005,0.40692050000000024,-2.3715610488219987,6.623437999999993
204,1.619928000000001,0.3579,-2.5014104298878004,5.788365999999996
205,3.18651,0.40216279999999976,-2.539677348514802,6.362717000000001
206,2.0059169999999993,0.3834506999999999,-2.3563450465645004,6.03789
207,2.150113000000001,0.42246680000000014,-2.347550429782201,6.797228999999999
208,1.7996610000000002,0.36103079999999954,-1.7950411376229,5.9958360000000015
209,2.402870000000001,0.36533879999999974,-1.714942337716199,4.158294
210,1.9550580000000017,0.5111182000000001,-2.677419504463901,9.502095999999995
211,2.5226800000000016,0.39559319999999987,-1.515923103233601,6.310291999999999
212,3.686958999999999,0.35389149999999986,-1.8578160513883015,4.328249000000003
213,2.397213000000001,0.4327707000000002,-2.4703789303259995,6.921823000000001
214,3.683593,0.36753260000000026,-1.8830671152729,5.558512999999997
215,3.3593819999999983,0.38367920000000005,-2.0777798634801004,4.859025
216,2.3016470000000004,0.3196283999999999,-2.0255211585494006,5.265443999999999
217,0.8971309999999995,0.4067162000000002,-2.5783225585528986,6.513763
218,2.0631370000000007,0.45321529999999993,-3.079347375001102,7.550116999999999
219,2.730177,0.3747969000000001,-2.2697932571883,4.293028000000002
220,0.8097669999999995,0.37468489999999993,-2.4952125487397976,6.300031000000002
221,3.6574699999999982,0.36412189999999983,-1.7629922628996,5.142523000000002
222,2.9391919999999994,0.3835608000000002,-2.108626633452799,4.855465999999999
223,2.115859000000001,0.3739264999999999,-2.273596399524,6.1123899999999995
224,3.95816,0.4046408000000003,-2.4303599294501024,5.7452000000000005
225,1.2788770000000007,0.39788339999999983,-2.7952483684754,6.784044000000003
226,1.704978999999999,0.4177855,-2.9205184994535,6.725265
227,2.564594,0.37638050000000006,-2.3483829381618015,4.848051999999997
228,2.9364170000000005,0.3844011,-1.9636695646390003,6.260040000000001
229,3.190908999999999,0.3922402,-2.1118030034103996,6.3547059999999975
230,2.5291570000000023,0.3663635999999999,-1.8249348062470008,5.922485
231,1.8787910000000005,0.37465309999999996,-1.8365441134512008,6.029608000000007
232,3.548751000000001,0.3474895999999997,-1.4568437581179998,4.134795999999999
233,1.7718489999999998,0.5066106999999999,-2.5928926921948,9.358836000000007
234,2.7063820000000014,0.3880857999999999,-1.7651954432570014,6.272037000000003
235,3.303131999999999,0.39275030000000016,-2.4099359616052998,5.585307
236,3.6435600000000004,0.37226000000000037,-1.612987675952901,6.003667999999999
237,1.2285890000000004,0.3946065000000001,-2.6037430043801,6.641605000000002
238,3.717242000000003,0.4000089999999998,-1.355380178685401,6.996469999999997
239,1.725938,0.39991339999999964,-2.256881990355502,6.146671999999995
240,1.7400239999999993,0.4078438999999999,-2.415766405896501,6.556411999999998
241,2.0353499999999993,0.36207259999999997,-2.2648484849619015,4.299547999999999
242,1.7035650000000013,0.4441779999999994,-2.638286205852199,7.673648000000009
243,2.9862809999999995,0.44860600000000034,-1.947237526218902,7.349615000000001
244,1.7781980000000015,0.4117587000000001,-2.445945867247501,6.523907999999997
245,1.3052009999999994,0.44350869999999987,-2.491144380858901,6.570437000000001
246,4.134015000000002,0.35281730000000006,-2.2458900789418017,4.381597999999996
247,1.8426890000000002,0.3866601999999997,-1.8202008024133003,6.211373999999999
248,2.073379000000001,0.43670170000000014,-2.4756997485651002,7.268523999999996
249,1.8413890000000008,0.41301269999999995,-2.842327817614701,7.029182000000007
250,3.5118430000000025,0.37271529999999997,-2.3111631519933016,5.723598999999996
251,3.944897000000002,0.3479130000000001,-2.300322052255302,4.604812000000003
252,1.0158329999999998,0.3716259999999998,-1.9059520459483001,5.940025000000003
253,2.2355650000000007,0.45022799999999974,-2.3114096702822993,7.791296999999999
254,1.6030809999999998,0.3614609999999999,-2.0681235194940015,4.407586999999999
255,1.1548780000000003,0.4481842000000001,-2.752656949814098,7.742649000000007
256,1.7506620000000002,0.3948514000000001,-2.2554251788587005,6.821686
257,1.04238,0.3795882000000001,-2.3627392519089008,6.236208
258,2.9331129999999996,0.3749064,-2.3374867636047014,5.970522999999999
259,1.6421649999999997,0.3901622000000002,-2.4885758568846996,5.859275000000004
260,1.5392809999999995,0.4265905000000001,-2.334227121997702,6.829897999999999
261,1.9332219999999996,0.4101341,-2.5262007173080985,7.067934999999995
262,2.2703919999999984,0.3730640000000001,-2.2661147656723992,5.741956000000001
263,4.7155689999999995,0.37224549999999973,-1.9658944621142007,4.740088999999999
264,2.0779940000000012,0.38023480000000015,-2.3460166211084994,4.427997999999996
265,2.0346230000000007,0.4355710000000003,-2.6145171266592984,6.628369
266,3.433258999999999,0.3825673999999999,-2.152761832820099,5.571287000000001
267,3.6750550000000017,0.36253000000000013,-1.9471436674662004,5.775269
268,3.204777999999999,0.45061690000000015,-1.7875264810032983,7.342887000000001
269,1.6253179999999998,0.3517054999999999,-1.7205181463983008,6.172597000000003
270,4.105059,0.40364990000000006,-2.2606640460537015,5.787586000000001
271,1.758718000000001,0.36107449999999963,-1.8561674050662995,5.301052999999997
272,1.5953099999999996,0.44105390000000017,-2.7589279361556986,7.544027999999993
273,1.8318679999999998,0.36587600000000003,-2.2320330624104,5.920769999999997
274,1.4458249999999995,0.3621119000000001,-1.9655703400927993,5.768814000000001
275,3.9704120000000027,0.35728069999999995,-1.5231303093216004,4.428633999999999
276,2.692943,0.39242949999999976,-2.034493885741499,5.457021000000001
277,5.198617000000002,0.3779100000000004,-1.6215313227193011,5.553225000000002
278,2.1090320000000014,0.505784,-1.702215057392701,9.397362
279,3.7017359999999995,0.4023636000000001,-2.2017233653917034,6.793322000000002
280,0.9625049999999997,0.3661397999999999,-2.0398950785171,5.732277000000002
281,1.6973820000000004,0.3795243000000001,-2.5882778358836998,6.036760000000002
282,0.7762310000000008,0.3666119,-2.3583950826732023,5.3051990000000036
283,2.2685920000000013,0.3898296,-2.3202449131408986,4.5553300000000005
284,1.641278000000001,0.38945810000000014,-1.9284151080454008,6.571158999999994
285,0.1327869999999999,0.4702132666666669,-3.1149458963488,8.764080000000005
286,1.9162509999999993,0.41377800000000015,-2.4068506090741,7.105203999999994
287,4.799798000000004,0.3240770999999999,-2.101928496319601,5.550917000000001
288,2.837781999999999,0.36855449999999984,-1.7758344855976,4.2950930000000005
289,1.8829479999999998,0.3592680999999998,-2.0731441016752985,5.867836
290,2.64461,0.3769069999999999,-1.388521775343901,6.1194329999999955
291,1.1569869999999995,0.4022606,-2.906211374540598,6.7426260000000005
292,2.601688000000001,0.3995015999999999,-2.065295725710898,6.318883000000002
293,1.1696770000000003,0.34104019999999996,-2.1521340938770983,5.539032000000001
294,2.6978689999999967,0.4039845000000004,-2.6551251002591494,6.798919000000003
295,3.162196000000001,0.3935946000000003,-2.1838182628694014,6.198457000000001
296,2.3124499999999983,0.4169105999999998,-2.446480062538401,6.879276999999999
297,2.280320999999999,0.3912154000000006,-2.1662677984937995,6.083969999999997
298,1.6632569999999998,0.3666138999999997,-2.459328120705999,6.522178
299,0.5338440000000003,0.3927745000000001,-2.4333556429189,6.7499670000000025
300,2.404724,0.40143270000000003,-2.332040314239199,6.589218000000003
301,1.6483759999999996,0.4158025,-2.387849061119502,5.9665469999999985
302,2.081433,0.39185619999999993,-2.468223226901601,6.459453
303,3.9989209999999997,0.4128687000000003,-2.2681530950691995,6.617245000000002
304,1.6375810000000013,0.36489529999999964,-2.0463701538299004,5.9602949999999995
305,2.461989999999999,0.3470976,-1.9312604258183992,5.614242000000001
306,1.9513679999999993,0.39613290000000034,-1.9920546657872997,6.039068999999994
307,4.820959000000005,0.3443535999999998,-1.7914524783852008,5.685098000000003
308,4.541574999999997,0.38075800000000015,-2.2963004112039,6.1854039999999975
309,3.0262779999999987,0.33268990000000004,-2.1043764387582007,3.923175000000003
310,3.8215110000000014,0.39947240000000017,-2.1812487432553005,6.364966999999999
311,3.9544010000000003,0.37163399999999974,-1.9075926921219997,5.0748320000000025
312,2.3771140000000006,0.3537386999999999,-1.7647883362812007,5.3345300000000035
313,2.8741580000000004,0.3168566000000002,-1.9152365385922996,4.344990000000001
314,1.0375690000000004,0.42961390000000016,-2.960692330016603,7.126467999999999
315,0.8175780000000005,0.38134000000000007,-2.2851390336152004,6.256884000000003
316,3.1288099999999996,0.38764400000000016,-2.518678101266798,4.679568000000001
317,4.012450999999999,0.3462718999999999,-1.6502930778496008,3.967682
318,3.818908999999996,0.3838957,-1.7722298283102011,5.868476000000002
319,2.5493409999999996,0.4210817,-2.828747156233502,6.8943949999999985
320,1.855515,0.3474214000000003,-2.2698195264202,5.027626
321,2.3093679999999996,0.3741903000000002,-2.0185094553422993,5.854116999999998
322,4.986531000000002,0.3747545000000002,-2.004886610996901,5.878683999999995
323,2.9358719999999994,0.37050009999999994,-2.6216683862760015,4.3002879999999974
324,2.7130289999999992,0.4133185,-2.2941510224770014,6.790721999999999
325,0.35167800000000005,0.36737630000000016,-2.2651077088825,4.844241
326,1.3981670000000006,0.4001179000000002,-3.0878727639943997,6.561774999999999
327,3.7912009999999996,0.3729000999999997,-2.3752096984544973,6.0883669999999945
328,2.1483199999999987,0.42993610000000004,-2.4635771485128997,6.997237999999997
329,1.145906000000001,0.4290943000000002,-2.399571354507397,6.676652000000002
330,2.3351830000000007,0.3211257000000002,-1.8590378773093996,3.976627
331,1.764757,0.4792137000000002,-2.3898628988328,8.082389
332,2.643141999999999,0.3751531000000003,-2.4943814063164003,4.587171000000003
333,1.9240330000000017,0.36534540000000004,-2.5511422641905024,5.857776000000004
334,1.5309220000000001,0.40957709999999986,-1.9474989442625,6.376021000000003
335,2.2163099999999987,0.38976180000000027,-1.7386824212573,6.464413999999997
336,2.88029,0.37646750000000007,-2.5646773410484998,4.344331000000002
337,1.7651200000000005,0.33787670000000003,-2.0319895009389985,5.428967000000003
338,1.4534210000000014,0.41927099999999984,-2.3965156351065007,6.597078000000002
339,0.7983730000000004,0.3876548,-1.9028341227619991,5.848276999999999
340,3.921189,0.3742160000000002,-1.8313882474341994,5.452404000000004
341,1.711342,0.3870949000000001,-2.2739189507110003,6.286507000000004
342,3.483878,0.3981993999999998,-1.9971805319548994,5.928603000000002
343,1.2244149999999996,0.4218249000000002,-3.089803365047499,6.796392000000002
344,3.534218000000002,0.45591080000000006,-2.1967639353698005,7.510784000000002
345,3.0418460000000005,0.37694410000000006,-2.1068641820865004,5.947786
346,0.8160049999999996,0.4113290000000001,-2.647710183532898,7.0307080000000015
347,4.239237000000001,0.40190609999999993,-2.3123219341847014,7.173855000000006
348,3.644202999999996,0.47184389999999987,-2.130628402865901,7.2760539999999985
349,1.29257,0.38194419999999996,-2.5117313643537007,6.227374999999996
350,2.951817,0.37739439999999985,-2.0061868334136013,5.849548000000006
351,1.7294340000000006,0.42432590000000003,-2.5024400732894003,6.750700999999995
352,2.800476999999998,0.37634120000000054,-2.1378250113429984,6.049014999999998
353,1.431651,0.4829263999999995,-2.5557139643196987,8.348143999999992
354,1.8196389999999993,0.42246570000000033,-2.6628602972576005,7.488735000000003
355,2.6929459999999996,0.35259490000000016,-1.9114920734188008,3.869727000000004
356,4.696622999999999,0.3748691999999998,-2.146113841487699,5.346876999999997
357,1.1774780000000011,0.4486468000000001,-2.8767274495866997,7.746223000000004
358,1.120373,0.39013929999999997,-2.4022430947477007,6.3750300000000015
359,2.9598609999999996,0.4049035000000001,-2.4367132974780996,6.591639999999999
360,3.316858999999996,0.38183150000000027,-2.0417569328729006,5.776880999999999
361,1.984349,0.40089510000000006,-2.109693813568799,5.453985999999999
362,4.424520000000003,0.3682941,-1.2654789442948022,5.179951999999997
363,1.8739039999999998,0.45240289999999983,-2.5611729874037015,8.000106000000008
364,4.2100219999999995,0.37811050000000007,-1.6463429341282996,6.352370000000002
365,3.7417890000000025,0.41250719999999963,-2.161188601603501,6.304275000000006
366,2.5944360000000004,0.4178886,-2.5154039694997015,6.784367000000002
367,1.9581569999999993,0.4660452000000001,-2.568794130947203,8.308691000000005
368,2.806334000000001,0.36254339999999985,-1.9496006597859006,5.991188000000001
369,4.104026000000004,0.39131409999999983,-2.556195035695499,6.440004000000004
370,1.8055630000000003,0.4082836999999999,-2.4523437219184014,6.414282999999998
371,1.643526,0.4155901999999997,-2.1142050293669,7.332666000000004
372,2.062542999999999,0.3442212,-1.9544522396502986,3.9244
373,3.205797,0.4130854999999999,-2.3409884593490986,6.186620999999999
374,1.664849,0.37608570000000013,-2.4580470169889996,6.1290530000000025
375,3.4166489999999983,0.3626533000000003,-2.4077284635779,4.177488000000003
376,1.7662969999999993,0.39091369999999975,-2.534581298494503,6.115571999999998
377,5.023229,0.39610360000000006,-1.9679807085143002,6.111366000000001
378,2.6148700000000002,0.45198290000000013,-2.828189777524402,7.6754859999999985
379,1.4486790000000007,0.41988409999999987,-2.8054693883301978,6.947140000000003
380,1.38006,0.3284093999999998,-1.8069562528943004,5.152912999999999
381,3.7080420000000007,0.33522499999999966,-2.0819292109192005,4.2743090000000015
382,3.6043619999999974,0.38949940000000005,-2.466441357323299,5.530834000000001
383,1.2834499999999998,0.4190690999999998,-3.0075113977438,6.6984790000000025
384,1.428036000000001,0.3368468999999999,-2.4708128175530994,4.8804739999999995
385,0.9308239999999998,0.41031119999999965,-2.748218508033099,6.8711620000000035
386,1.8871269999999998,0.3723856999999999,-2.1027346406224,7.215382000000001
387,2.197694000000001,0.4089495999999999,-2.5801224712253994,6.749323
388,1.3382210000000003,0.43844579999999994,-2.3611965164326008,6.362707999999998
389,4.152530999999998,0.37366869999999985,-2.391473079950302,5.594616000000005
390,4.943239000000002,0.3572074000000001,-1.563926928282501,5.409040000000001
391,1.296949,0.3982645999999999,-2.7801356139601983,6.739435000000001
392,3.8667750000000014,0.3484222000000002,-2.1849326648882994,5.443128999999998
393,3.441382999999998,0.3860014000000001,-2.277013487459702,5.942362999999998
394,2.4997079999999987,0.3760316999999999,-1.9245470958566004,4.222083999999999
395,1.4078839999999997,0.33802580000000004,-2.4313489637794996,5.413813999999999
396,2.0844390000000006,0.4020576000000002,-2.4372656884132,6.739490000000006
397,2.0339069999999997,0.4531069999999997,-2.5087283982421016,8.069923000000006
398,2.1003049999999996,0.39802439999999983,-2.3300369876013005,5.812344000000001
399,2.091590000000001,0.3531295000000003,-2.6258481081692,5.380429
400,1.7427149999999996,0.3900496000000001,-2.6759111233828996,6.686210000000001
401,0.4156930000000002,0.4103992000000001,-2.9380334909007,7.353859
402,1.0986459999999993,0.4045124,-2.7173233232148015,6.568892999999996
403,1.9757989999999979,0.4300995,-2.7973881047531997,7.327842000000001
404,4.8732700000000015,0.34033860000000016,-2.036656462323701,4.518228000000001
405,1.6509010000000008,0.4395999,-2.067913688732701,6.514953999999993
406,0.28156499999999995,0.4503932666666669,-2.2951699343510006,6.615362000000002
407,3.4252649999999996,0.3756045000000001,-2.1831962802901,5.859178999999998
408,2.1188069999999986,0.40310240000000014,-2.755211573063998,6.709807000000003
409,3.2990090000000003,0.36854580000000026,-2.4144352618392997,5.423938000000004
410,1.2319760000000002,0.39882400000000046,-2.7820540771447004,6.497591000000001
411,1.8082980000000004,0.39590300000000006,-2.014006779681299,6.081453999999997
412,2.0638239999999994,0.4867002000000001,-2.5774337816200013,8.691206999999999
413,1.491196,0.39203729999999987,-2.2707090885501997,7.0382050000000005
414,1.514968,0.38811980000000007,-2.4861253144768,6.403274000000002
415,2.3442519999999987,0.4518986,-2.862651381860199,7.673343000000002
416,1.3080050000000014,0.4422262000000001,-2.6681471515276995,7.656013999999995
417,1.3642179999999997,0.3878019,-2.0915439396271007,6.137355
418,3.6585560000000004,0.4371269999999997,-1.6105381691629994,5.318645000000003
419,1.4228480000000008,0.3757503,-2.163388024643498,6.001299999999997
420,2.0339389999999993,0.4514782000000001,-2.5863564185658006,7.500878000000007
421,2.6013930000000003,0.36316979999999993,-2.5010031770795007,5.349550000000001
422,2.041324000000001,0.44506879999999976,-2.824618479343901,7.611082999999995
423,4.441147,0.42488709999999946,-2.4658282704370986,7.179155000000001
424,3.7926320000000016,0.35398159999999995,-2.0521748346916,3.909915000000002
425,3.905466000000002,0.3489112999999997,-2.0720299513754004,5.103626
426,3.135077999999999,0.35868079999999997,-1.8379331419948997,5.459756999999999
427,2.0209410000000005,0.4057367000000001,-2.535490955727402,7.0301009999999975
428,3.3306030000000026,0.363725,-2.1516911878149987,6.103821000000002
429,2.9166100000000004,0.3795462000000003,-2.5876588226168007,6.160760000000002
430,4.165476000000002,0.37798950000000014,-2.1147436149788,5.962596000000002
431,1.6266689999999997,0.4178202000000003,-1.8611864455064997,6.7462120000000025
432,1.0355230000000009,0.41879720000000015,-2.8866356800427995,6.887229999999999
433,4.041828999999999,0.47309570000000006,-1.5133954914767003,7.351285000000002
434,2.2419390000000012,0.5080399000000002,-2.3659365454428003,9.500921000000004
435,1.8472659999999996,0.44401429999999975,-2.4461403845604006,7.224225000000001
436,3.3096360000000002,0.4105382000000002,-2.4490731711633016,5.8020910000000026
437,1.106759000000001,0.3847256,-2.5145925359705013,6.294472999999999
438,2.1345750000000008,0.41457280000000013,-2.6755171520262007,6.762347000000003
439,2.210035,0.4158498,-2.590373586361701,7.323447999999997
440,1.2133650000000005,0.39382949999999967,-2.542189331180201,6.613022999999998
441,1.9744189999999986,0.40747299999999975,-2.1835645231467002,7.379388000000003
442,1.5387870000000001,0.4684713000000001,-2.139094304394801,7.911302999999995
443,2.5482749999999994,0.36682520000000024,-2.2679477236211985,4.4045970000000025
444,1.7884259999999985,0.3906423000000001,-2.4761576469842,6.577885
445,0.627927,0.37321610000000005,-2.4574454004034023,5.891305999999999
446,4.796595000000005,0.3225835,-2.0872491907893003,3.988643
447,2.3302630000000004,0.3756426000000003,-2.266939110482801,4.265424999999997
448,1.9263810000000003,0.38552569999999986,-1.4241774259905995,5.483417
449,1.9963750000000011,0.3720377999999998,-1.7417878377832992,5.9931290000000015
450,0.8158990000000003,0.3770090999999999,-2.447686125523501,6.087497000000002
451,2.661588,0.3538871,-1.8674446558051003,5.975919000000001
452,4.357908999999998,0.3969861000000003,-1.8593487766372,6.671499000000006
453,3.1023260000000024,0.39425129999999986,-1.7885114022005997,6.315888000000004
454,1.6086400000000005,0.35430869999999987,-2.4729597038586992,5.890066000000001
455,2.117267,0.37476789999999993,-2.1476760579760987,5.909219999999997
456,1.4590340000000004,0.3656778,-2.2200791695618984,5.705772999999997
457,2.0169029999999997,0.4487187999999999,-2.2565402466958004,7.517278000000001
458,1.4525570000000008,0.4188284,-2.7706688773709,6.794790000000002
459,2.166744999999999,0.41352899999999965,-2.5889756225598,6.643595999999998
460,2.0331499999999996,0.4734300999999999,-2.4863615401665,8.036945999999993
461,1.2599740000000006,0.4020280000000003,-2.8908095463436982,6.448513000000003
462,2.803926,0.38143740000000004,-2.572730418279802,6.023634000000002
463,3.398309000000001,0.49783500000000025,-2.328462606649201,7.7183280000000005
464,2.3762279999999993,0.42913299999999965,-2.3788155167571996,6.9052549999999995
465,4.2402060000000015,0.43730730000000007,-2.140207707184301,7.281600999999998
466,3.360064,0.3764032999999997,-1.6625733932300009,6.203001999999999
467,1.029414000000001,0.4555522000000001,-3.0084502677053,7.7608620000000075
468,0.8664990000000009,0.41120450000000036,-2.7304128388880997,7.0671570000000035
469,2.5524970000000002,0.37523510000000004,-2.014042897582099,4.452534000000001
470,1.9790249999999998,0.44534930000000017,-2.6654204917424007,7.4920350000000004
471,2.5542130000000007,0.31227830000000006,-2.0220487927513,4.994549999999998
472,2.207123,0.3840568,-1.957671817147799,6.390835000000006
473,1.6809519999999987,0.45212100000000005,-2.5748593705364966,7.947943999999998
474,2.844337999999999,0.3925835000000002,-2.2285523369027023,6.257276000000002
475,1.9644720000000007,0.3796069000000002,-1.8519525863955004,5.3293880000000025
476,1.841274999999999,0.4100857999999995,-2.667061207479702,7.265088999999998
477,2.065281,0.4561548,-2.2207303961133,7.549993999999995
478,4.019573000000002,0.3405545,-2.2198039569132995,5.220715999999999
479,1.6712699999999996,0.4276580999999997,-2.5966626068601006,6.995023000000003
480,1.8380990000000006,0.45304050000000023,-1.4179708733403007,6.5134320000000026
481,4.3321960000000015,0.3763147999999999,-1.7987350870491994,5.280647
482,2.6890209999999986,0.3753723000000001,-2.3324978858840995,4.053960999999999
483,2.1188029999999993,0.31025969999999975,-2.0601303591977,4.583351999999999
484,1.0280360000000008,0.42248240000000004,-2.731895764889899,7.073008999999997
485,1.281174000000001,0.39708039999999983,-2.8131332274053977,6.343079999999997
486,2.0888859999999987,0.43673989999999996,-2.3870747800438012,7.424061
487,2.982903,0.3662353000000001,-2.0718682812613984,4.052443000000002
488,2.052619000000001,0.3510507000000001,-1.5274392178306,5.812643999999999
489,1.8028439999999992,0.3538092000000001,-1.828923485986901,5.677689
490,3.9375369999999994,0.4114398000000002,-2.5053568633224,6.572785000000002
491,4.538228000000001,0.37662530000000005,-1.7154414558569004,4.988744999999998
492,3.3886089999999998,0.3863141000000001,-2.0386326982227017,6.263402999999994
493,1.5882809999999994,0.4482741,-2.422124926734601,7.735618000000004
494,3.876972000000001,0.4163886000000001,-2.0904656692723025,6.8563309999999955
495,1.9639750000000016,0.4218041999999999,-2.5972683611102014,6.700835999999999
496,0.10949699999999998,0.4557132000000002,-2.864358336572,8.146038
497,1.0189949999999997,0.39515540000000016,-2.6885242621259007,6.692345000000005
498,2.1544829999999995,0.4313463999999999,-2.5339166346590005,6.889481000000001
499,0.938017,0.38861530000000016,-2.2826550852753003,6.21418
500,2.6091209999999996,0.4598476000000005,-2.4683976579529996,7.880846999999992
501,3.679307000000003,0.34245230000000004,-1.7274269084515002,4.5721050000000005
502,2.201575000000001,0.47193000000000007,-2.4035315026919,8.884804999999998
503,1.8050819999999996,0.37006820000000007,-2.405170662433197,5.658635999999999
504,1.4144640000000004,0.4155358999999999,-2.731615450922399,6.6619709999999985
505,1.6190549999999992,0.41505280000000006,-2.3446191562084,6.662578
506,2.428658,0.4176942999999999,-2.3576496065361003,6.6710559999999965
507,1.6118890000000008,0.3657909000000002,-2.2467167117109,5.878532
508,0.7812129999999997,0.4022730000000002,-2.7364295263427993,6.596596000000008
509,1.7332039999999993,0.4563825000000003,-2.540215715382602,7.709574000000001
510,2.0132700000000017,0.3846386000000001,-2.0993482779186,4.571037000000003
511,3.459712999999998,0.4155146,-1.9969197460659018,6.249989000000002
512,1.7222919999999993,0.42173770000000027,-2.656506947087701,7.480095
513,1.7428299999999979,0.33398970000000006,-2.1757268337689,6.409382999999999
514,1.4402999999999997,0.36632539999999997,-2.4473486516443,5.857217000000004
515,3.0558459999999963,0.3836585,-1.9194556963506002,6.033440999999999
516,0.9448710000000006,0.4036606999999999,-2.8522128799098994,6.854228000000002
517,4.0272939999999995,0.37699250000000006,-1.624757781160701,5.241228000000001
518,1.5430069999999987,0.36089439999999984,-1.8403238652297997,4.377027
519,2.1169510000000002,0.4272466000000002,-2.3813682667251004,6.997941000000002
520,1.9244210000000002,0.3774259999999999,-1.774707541708399,6.164709000000004
521,1.6531030000000002,0.41832360000000024,-2.4360022499011,6.738916000000001
522,4.471115000000001,0.44298529999999986,-2.4468280902956017,7.308858999999999
523,0.8901110000000005,0.41302360000000027,-2.8545961732224,6.843740000000004
524,4.478175999999996,0.3395058999999999,-2.1081810038893014,4.673125000000001
525,3.084464000000001,0.40229579999999976,-2.0038749166550995,6.304799000000002
526,3.0482569999999987,0.3728477000000004,-1.8907703443270003,5.526736
527,2.1080740000000002,0.4562938000000002,-2.286485921437201,6.523206
528,1.9498040000000003,0.36899139999999997,-2.4513305419997,5.6496699999999995
529,0.6626270000000005,0.3315098999999999,-2.0877717709817,5.174395
530,0.9319370000000003,0.4142739000000001,-2.8962819653264007,6.577492000000001
531,1.6636200000000005,0.3612544999999998,-1.9458058904145006,5.864372
532,2.0415170000000016,0.3424076000000001,-1.977974509705802,4.545050000000003
533,2.679405,0.4193207000000001,-2.4296086619037998,6.00086
534,2.5634890000000015,0.4184913000000003,-2.4280830909881015,6.727467000000001
535,2.8829369999999996,0.35666899999999996,-2.1649381891495,6.151016000000001
536,3.310043999999999,0.377597,-2.5519307338490016,5.894336999999998
537,3.219929999999999,0.3407663999999999,-1.9500359912335998,5.115914
538,1.111056,0.40885339999999987,-2.690946180187101,6.873184000000004
539,4.297795000000005,0.3454561000000001,-1.7086279015153005,4.475426
540,1.0390759999999997,0.4083786999999999,-2.594454145785,6.937234
541,3.3006180000000005,0.37616100000000025,-2.161323379340701,5.766858
542,3.3921179999999986,0.35462430000000006,-2.4916218113649,5.758255000000002
543,0.4100380000000002,0.39219769999999987,-2.6850357946151995,6.6465070000000015
544,3.0899510000000014,0.4163447,-2.3990336215362014,7.058835999999996
545,1.884418000000001,0.4441314,-1.7833339801748014,6.502267000000002
546,1.194473000000001,0.4228193000000002,-3.1716211742646028,6.939072999999999
547,0.386336,0.39793240000000013,-2.896826734446399,6.131122999999995
548,3.079963,0.37725910000000007,-1.6044396617829002,6.222932000000003
549,0.9901759999999997,0.4201182999999999,-3.1983135904983997,6.750446000000003
550,1.3134179999999998,0.3861617000000004,-2.339812548509102,6.4440610000000005
551,1.4884290000000002,0.4416495000000005,-2.298105396018498,7.079507000000001
552,1.5083499999999999,0.42548709999999995,-2.326885633316101,6.531698000000003
553,3.827623,0.3926573000000001,-1.8701086344922992,6.572516000000005
554,3.1509849999999977,0.38154650000000023,-2.020775014322399,5.788177000000006
555,1.9734320000000005,0.4066083999999999,-2.0757927962159,6.150526000000001
556,1.7379540000000002,0.48229759999999994,-1.8179142097139007,8.387238999999997
557,0.10356499999999996,0.46540852000000016,-2.966710149091997,8.440087999999998
558,1.8181819999999993,0.4489607999999997,-2.7924737261934003,7.581607999999999
559,2.7575129999999994,0.39477919999999983,-2.413792925161699,5.768105000000002
560,3.2592409999999985,0.40684529999999997,-2.4858595162443002,6.561018000000001
561,2.262291000000001,0.43076829999999994,-2.3968812787698,7.250996000000006
562,3.5939300000000025,0.3808423999999998,-1.7529075519130999,6.495387000000002
563,1.22495,0.40802039999999984,-2.590035240769201,7.008734999999999
564,2.565635,0.38375199999999987,-2.2675052725245,5.768805000000001
565,3.766737000000002,0.32233449999999975,-1.794550467975701,3.952101000000001
566,4.203395999999999,0.4210494999999998,-2.247577645801602,7.291749999999997
567,1.8350719999999994,0.4867397000000004,-2.485242843110899,8.724342999999996
568,3.5747259999999983,0.44367350000000016,-1.8864497163681984,6.534038999999996
569,2.468454,0.4169818000000001,-2.4957655097122977,6.796451000000001
570,0.9242799999999994,0.4132047000000001,-3.0032634324880987,6.621114999999999
571,1.0280550000000006,0.4214155000000001,-2.3414721389594995,7.334124
572,2.1152399999999996,0.40743739999999995,-2.354851573902999,6.990022000000003
573,3.621366,0.41692450000000036,-2.175520621458399,6.571899000000005
574,3.858338999999998,0.4043953000000001,-2.4269935245214014,6.506676999999997
575,0.30704800000000015,0.409481,-2.2469256868627006,6.979254
576,1.8210420000000005,0.37927659999999996,-2.1608684190782017,6.1390860000000025
577,2.799041,0.3614772999999999,-1.9604198583213002,4.238909999999998
578,2.4670400000000012,0.3732242999999999,-2.137796331454401,5.9513549999999995
579,1.0875879999999996,0.3955730000000001,-2.7990556633513988,6.451715999999998
580,0.940021,0.3332502000000001,-2.242211939481,4.926502000000003
581,3.2334949999999987,0.3829163999999999,-2.4211722476010014,4.765249999999993
582,3.1303830000000006,0.42403270000000015,-3.0019498313624013,6.953597999999996
583,1.637338,0.46791549999999993,-2.3599648901321006,8.154126
584,2.3486789999999997,0.4249870000000002,-2.091888590569601,6.772266999999997
585,1.4300269999999995,0.3892670999999998,-2.5703634918791,6.054886999999999
586,2.3809949999999995,0.35477990000000065,-1.7784312524297,5.011210000000002
587,3.0273359999999996,0.34404730000000006,-2.2218306516449995,5.214400000000005
588,0.5409439999999999,0.33058380000000015,-2.0682261889398,5.108707
589,3.9879059999999975,0.3380903,-1.6709326137990002,3.7480309999999974
590,1.174691,0.40001600000000004,-2.9471791522732,6.681652000000001
591,1.4320310000000003,0.3660565000000001,-2.6945590048977004,6.024369999999998
592,1.9698360000000006,0.39959509999999987,-2.3312796958618,6.112276
593,3.627839,0.3879884000000002,-2.2512220633444997,6.261791000000004
594,0.9611390000000003,0.3932635000000001,-2.7680546508028,6.643338000000001
595,1.1987049999999995,0.41016140000000023,-2.602963350468002,6.520142999999999
596,1.173249,0.37305960000000005,-2.4856314915668007,5.893021999999999
597,1.0263559999999996,0.3675293,-2.1966615243027996,4.114398000000001
598,2.636924000000001,0.34902010000000033,-2.086265305202801,5.702969000000004
599,1.9056369999999998,0.37466839999999996,-2.449118272951301,4.4281749999999995
600,0.7391549999999998,0.35938310000000023,-2.3776855714836005,5.746308000000002
601,0.738396,0.3842862999999999,-2.5206347371654996,5.850646999999998
602,3.410782999999999,0.3772143999999997,-1.6667125556966003,6.0652230000000005
603,2.3397239999999995,0.36391860000000004,-2.1144986653445996,5.335869000000002
604,1.9388149999999984,0.45014490000000024,-2.461427542350601,7.3883379999999965
605,3.189154,0.38933260000000014,-2.0031692842105007,6.221991999999999
606,2.0050440000000007,0.4473077999999997,-2.7874330356831014,7.553227
607,1.865608,0.41246950000000004,-2.340625447721199,6.679345000000004
608,3.5517879999999984,0.48990160000000027,-2.4207787581507993,7.4267199999999995
609,4.249681000000001,0.3354711999999999,-2.560667634113801,5.499176999999998
610,1.2523920000000006,0.4253090999999995,-2.858660776167001,6.797703999999998
611,2.8710139999999997,0.37028550000000016,-1.9119815606593016,4.516110000000001
612,1.5633719999999998,0.47439529999999996,-2.3808638315770994,8.082452999999994
613,1.952856,0.4269688000000001,-2.1714212931337995,6.992563000000002
614,4.013813000000002,0.38358660000000017,-2.0012296245092,5.408766000000001
615,2.719676999999999,0.3708763000000001,-2.0001717622941992,5.636234999999998
616,2.4438929999999996,0.38062640000000014,-2.546205180497,4.490005000000002
617,2.822326999999997,0.34302979999999983,-2.3608459351278004,3.8643550000000007
618,1.173694000000001,0.3925133,-2.3932220605143977,6.390163000000001
619,2.252334000000001,0.4458940000000001,-2.5539436303303003,6.661057999999993
620,2.162652000000001,0.4121068000000001,-2.1630112548747,6.040729
621,3.753078999999999,0.36906260000000013,-1.7151788184672,5.122158
622,2.362820999999999,0.3526401000000001,-2.1704804992586992,5.064132000000004
623,1.784922,0.3574106,-2.0055170179281006,5.7965969999999984
624,3.4202389999999987,0.3619795000000003,-2.1811729053185998,4.176801000000003
625,1.4040370000000002,0.4013109000000003,-2.9707306548484995,6.501512
626,1.9909539999999992,0.47490320000000025,-2.492643609138402,8.332056000000003
627,3.096803,0.3154137,-1.8578474516580008,4.174524000000003
628,1.5252459999999994,0.39849160000000006,-2.2176265721656008,6.7433729999999965
629,2.3932970000000005,0.3556744000000001,-2.0790672310634006,5.052242000000004
630,1.5841719999999992,0.43179660000000003,-2.661730492406,7.221895000000002
631,1.9529880000000004,0.36984039999999985,-1.8662616258590017,5.290821000000001
632,2.9023819999999994,0.39064970000000016,-1.6765508356853003,6.475322000000001
633,1.25488,0.40999700000000006,-2.6109901813476006,6.765182000000005
634,3.896328999999997,0.3400633999999998,-1.7692603767148998,4.704517000000002
635,1.84163,0.4265569,-2.297742953404401,6.715644000000002
636,1.6908310000000017,0.36656389999999994,-2.3460981487238,6.086877
637,3.349623,0.3727185000000002,-1.5687406818169995,5.050368999999999
638,2.1059289999999997,0.4445414999999995,-2.614503129132801,7.598598999999996
639,3.735979,0.37767480000000014,-2.2561273494734992,5.1449820000000015
640,0.4850520000000001,0.3534446999999998,-2.9585799376296986,5.885250000000003
641,3.7717249999999956,0.34872099999999967,-1.6469378661624006,5.70703
642,1.7359099999999998,0.4294485000000002,-2.3426392371617024,7.461240000000006
643,4.303560999999999,0.4048733999999998,-2.4124920311204994,6.797380000000003
644,2.5568800000000014,0.36364179999999996,-1.8840963240373996,6.062994000000002
645,3.9358190000000004,0.3706850999999999,-1.354870169420501,5.983494999999997
646,1.7727119999999985,0.4550443000000002,-2.4249889810535006,6.609043999999998
647,1.939368000000001,0.5002870000000003,-2.241587616350501,8.819287000000001
648,1.3211730000000004,0.4141416000000001,-2.8012234076831,6.668085999999996
649,0.9953450000000004,0.3827777000000003,-2.5283606365277014,6.287185000000003
650,3.383961999999999,0.39663740000000014,-2.425123288065301,6.489962000000002
651,1.2413930000000004,0.4131669999999999,-2.845700948644399,6.660392999999999
652,2.251319000000002,0.35161210000000004,-2.0176456314212006,5.622919999999998
653,1.6931419999999995,0.44390389999999996,-2.8684958609617994,7.388076999999995
654,0.7611709999999999,0.39966650000000015,-2.846710125832599,6.580003000000005
655,3.8577550000000027,0.4079907,-2.456491547534199,6.764109000000006
656,4.077438000000001,0.3739142999999999,-2.1618274768748,5.953419000000001
657,2.074005,0.4333683999999999,-2.4075594998824013,7.327346999999998
658,1.759294000000001,0.49265370000000064,-2.2403526017518,8.733583
659,4.419625,0.4070605,-2.4208204634437016,7.2332860000000005
660,1.5945269999999996,0.4326401000000002,-2.4403069324329003,7.231485000000004
661,3.1207560000000005,0.4064826000000001,-2.325347928400502,6.749110000000004
662,3.3779879999999967,0.34150389999999986,-1.6984328752289994,3.8979819999999985
663,1.1757400000000002,0.39972820000000014,-2.8673755895788005,6.779707000000001
664,1.7661640000000003,0.39747,-1.8424413652073,5.656998000000001
665,3.064534,0.37772459999999997,-2.005997759310601,4.883296999999997
666,5.206937000000002,0.39619770000000015,-1.7612525228997997,6.04779
667,1.1542679999999992,0.39504830000000013,-2.403018050692398,6.435661999999999
668,2.633033000000001,0.3752837999999997,-1.4922705709957018,6.109209
669,2.1655440000000015,0.5049054000000001,-2.4674373546196002,9.395776000000001
670,1.3661429999999999,0.3947624000000001,-2.518439905097901,6.074043000000001
671,1.8439970000000008,0.4697339000000001,-2.4124441565295998,8.118478999999997
672,1.8028859999999995,0.3976111000000002,-2.4588944001066007,6.581509000000002
673,3.4570690000000006,0.39717600000000025,-1.5733069437464002,6.565189999999998
674,3.3945670000000012,0.4560040000000001,-1.6120286099257002,7.321596000000002
675,4.655471000000001,0.36652589999999996,-1.8793032265398995,5.147367000000004
676,3.0751180000000007,0.3572255,-2.3554239543160027,5.904835000000002
677,2.341401000000001,0.41393030000000025,-2.7138505903473,6.631376000000004
678,0.8991890000000005,0.45869330000000025,-2.665941829001402,6.707436000000006
679,2.1634839999999986,0.45123170000000007,-2.2641068869247998,7.690228000000002
680,3.7041130000000044,0.3801939999999999,-2.351501044637401,3.911418
681,2.589823,0.36963299999999977,-1.8024248791075008,5.9402479999999995
682,3.3407560000000003,0.36876550000000013,-1.5122808767222993,6.026298000000002
683,1.5016590000000003,0.3543274999999996,-2.349571053788201,4.183369999999997
684,3.8732250000000006,0.4034109000000001,-2.553544082950597,5.825830000000003
685,3.6673580000000006,0.38228150000000016,-2.397851279523902,6.313804
686,2.7602429999999982,0.42712269999999997,-2.1425407592434005,7.279977999999997
687,2.0218419999999986,0.40932429999999975,-2.5493809676674997,6.664106
688,1.5922890000000003,0.45808969999999966,-2.5598695365650994,7.770824000000005
689,1.4641759999999997,0.41859129999999994,-2.8894065579169013,6.708546999999997
690,3.05918,0.3611883000000001,-1.8658176518330012,5.186860999999997
691,1.5635839999999999,0.40877830000000004,-2.4507542303222003,6.918548000000002
692,3.1608069999999975,0.4073354000000002,-2.160895011971401,6.87806
693,1.9554849999999997,0.4243194000000001,-2.3896049258370002,6.829901999999995
694,0.7035130000000008,0.40433490000000033,-2.9344038385641995,6.577675000000003
695,4.720475000000004,0.3712337000000002,-1.8632126774470004,4.964764
696,2.9057209999999993,0.37178639999999996,-2.434237377947401,4.335914000000002
697,4.054666000000001,0.4503254,-1.9216682827484022,7.304273000000003
698,3.34104,0.3705528,-2.0532407093388976,4.3429610000000025
699,1.57532,0.3890113999999999,-2.371120708629799,6.391026999999997
700,1.5092370000000008,0.4025857999999999,-1.96376783254,6.379493000000002
701,3.121140000000001,0.40134530000000024,-2.2915685253331004,6.564022000000001
702,1.3545190000000011,0.3905165000000002,-2.8682206646829993,6.720817
703,2.344618,0.3841145000000001,-2.0461594318178995,6.086229999999998
704,1.9190950000000009,0.4184282000000001,-2.7139171715958015,6.528032999999998
705,1.5207339999999987,0.4341444999999998,-2.6798369228674,7.409203
706,4.099721999999997,0.3879274000000001,-2.0957658570271,4.8970939999999965
707,3.8688719999999983,0.3545988999999999,-2.3014503774608994,4.225885
708,3.559819000000001,0.37689370000000016,-1.8104403549212,5.52277
709,0.9263550000000006,0.37324840000000004,-2.236581715769799,6.1544019999999975
710,3.050945999999999,0.38022960000000006,-1.9249746403032009,4.383239
711,4.248925999999999,0.3723550000000001,-1.6946337385427004,5.818230000000001
712,2.997413999999998,0.37494279999999996,-1.8378241405250997,4.3707779999999925
713,1.7846040000000005,0.3641675999999998,-1.9479032857307004,5.910963000000001
714,2.9606490000000014,0.3559865999999998,-2.376671984901802,5.802873999999999
715,0.743458,0.3810695999999998,-2.4567755211507993,6.013849000000001
716,3.6427530000000012,0.36424510000000027,-2.0265656331680004,6.0083719999999925
717,0.7400170000000001,0.4532793,-2.778654297443999,7.949764000000001
718,3.5186329999999995,0.4001219000000003,-2.0267300137855013,6.159808000000001
719,1.8713710000000001,0.45658190000000043,-2.4255803725824006,7.803872
720,2.5054269999999987,0.43207749999999967,-2.596098485466699,6.9619269999999975
721,0.9638850000000003,0.4536752000000002,-2.953342091200899,8.089823
722,4.061539000000004,0.3867378999999999,-2.2252575412284994,6.435079000000002
723,2.922547,0.4203942,-2.1551114753653007,5.950256
724,3.0152679999999985,0.38446069999999977,-2.2489692272807016,6.0827950000000035
725,4.361423000000003,0.38583860000000003,-2.267967886676299,5.237288000000002
726,0.7173080000000001,0.41321949999999996,-3.0307524321389008,7.099823000000007
727,2.8725219999999996,0.36227730000000025,-2.0730643979475993,5.254096000000003
728,0.06866000000000003,0.41233590000000014,-2.566096759706899,7.185435
729,3.708322000000001,0.4024999999999999,-2.6913283074859002,6.441325999999998
730,1.4413950000000009,0.3485824000000002,-1.7633825217806003,5.639685999999999
731,2.1845510000000012,0.5061369000000002,-2.513436278916399,9.481937000000002
732,3.718817,0.38760680000000003,-2.151205686058,5.128884
733,3.689585999999998,0.31490949999999984,-2.113534365354101,2.9852830000000017
734,1.2751369999999995,0.31415880000000007,-2.024528473532902,3.9469790000000033
735,3.176031,0.3776291000000002,-2.318279625370597,5.184074000000001
736,1.1972759999999993,0.3445860000000001,-2.1700364494823017,5.567609000000001
737,2.910823999999997,0.38783930000000005,-2.2393384131325984,5.994285000000002
738,2.8898489999999977,0.3436943,-2.201013656621102,5.338977999999998
739,4.419162,0.35147029999999974,-1.8572351938841998,5.252258999999999
740,2.122491000000001,0.4237637000000001,-2.483926106380101,5.969663999999997
741,1.8836689999999994,0.4125066999999997,-2.2139093604658995,7.156511999999993
742,2.148781,0.3934845000000001,-2.2292816631543007,6.939618
743,3.0036340000000012,0.3863011999999997,-2.2585274608761,5.540796999999999
744,0.911349,0.3685493999999997,-1.868364188639199,4.239396999999996
745,1.8644010000000002,0.41748349999999995,-2.432176984333701,7.352737999999997
746,1.9162219999999985,0.39251179999999997,-2.491798108066402,5.928707
747,1.5841199999999995,0.40100379999999997,-3.041934174489098,6.469430000000004
748,1.3791719999999992,0.3990146999999999,-2.435349411459298,6.137172000000001
749,1.1032930000000005,0.45644535000000014,-2.856492540141701,7.829646000000005
750,0.8482689999999998,0.37005789999999983,-1.942957014857101,5.976892000000003
751,1.4881130000000007,0.39163899999999985,-2.4638840610646984,6.173157999999997
752,2.253492999999999,0.44143920000000014,-2.1156670970449003,8.122499000000003
753,3.5407499999999987,0.38569139999999974,-2.595392607004702,6.2812129999999975
754,0.7322020000000002,0.4026178,-2.873683650474399,6.656358000000003
755,3.030214000000001,0.37023400000000023,-1.8077088966644999,6.172972000000002
756,2.928229,0.3774321999999998,-2.346004737958201,5.996088999999996
757,1.867894,0.4549788999999997,-2.4302920374436012,7.692642000000003
758,2.7498510000000005,0.35410480000000005,-2.2788311502400997,3.9888260000000026
759,1.8747429999999996,0.45082970000000006,-2.4064951680861997,7.489159999999996
760,3.6237090000000007,0.3776399,-2.3753071675951007,6.344034000000004
761,2.030143999999999,0.39877099999999976,-2.4947039751121998,6.540205000000006
762,2.381954000000002,0.33404890000000004,-1.9145824307628008,5.297968999999992
763,4.102939999999999,0.40810279999999993,-2.0028699630596005,5.634894
764,1.809949000000001,0.3745110000000001,-2.0208868019142003,4.2439750000000025
765,1.6163669999999997,0.3792158999999997,-2.2249528478975003,6.262501000000002
766,1.986665000000001,0.3889058999999999,-1.9233858258843994,6.244458000000002
767,2.3149289999999993,0.3334982,-1.9579468203745003,5.246046000000002
768,5.437076000000002,0.3518372,-1.7696527762756005,5.173922000000002
769,1.0607139999999997,0.41448499999999977,-2.481065964037798,6.5370060000000025
770,2.472658000000001,0.39105570000000023,-2.0327061841234997,6.207955999999997
771,3.4040639999999995,0.36909359999999986,-1.7976253200309988,4.2779199999999955
772,3.027304999999999,0.3740777000000001,-2.4013812303714004,4.304000000000002
773,1.4590560000000006,0.42488659999999995,-2.8843108296607984,6.6966790000000085
774,1.915998,0.47454399999999985,-2.3965569668728004,8.190576999999994
775,1.4340990000000005,0.40536980000000006,-2.5165438884962006,6.452892000000003
776,3.4188239999999994,0.38185459999999993,-2.263889257122098,6.219597000000001
777,2.9695159999999987,0.3721812999999998,-2.324289266567799,5.627102999999996
778,2.024480000000001,0.33485049999999994,-2.2661834333542994,4.818825999999999
779,4.199134999999997,0.38436649999999983,-2.0920863820338984,4.870020999999998
780,1.8425109999999991,0.32411080000000025,-2.024685112336,4.0472730000000015
781,1.2968390000000005,0.4091413999999999,-2.5192942443018005,6.762666000000001
782,4.0046550000000005,0.44965439999999984,-2.486162516195701,7.488242999999999
783,3.3355379999999992,0.40445339999999974,-2.4037787253916028,5.3824270000000025
784,3.4372930000000004,0.39011100000000015,-2.1208723893852,6.374184999999998
785,4.320567000000001,0.35823790000000016,-1.9240372513846002,5.656584000000001
786,3.7624029999999986,0.35545749999999976,-1.9681562887320996,4.314614000000002
787,2.683090999999999,0.3480894999999997,-1.7482372753583,3.9278350000000044
788,1.9577530000000012,0.3900441000000001,-2.269574817226902,6.2475619999999985
789,3.5214529999999993,0.36779660000000014,-2.3471962191872002,4.859129999999998
790,2.347909000000001,0.41472050000000027,-2.833901545462601,6.627181000000003
791,1.8837320000000006,0.36418489999999987,-2.2989698656404003,4.036796999999998
792,2.393871000000001,0.4066966000000001,-2.5062743662217,5.874614000000004
793,3.368188999999999,0.3380621000000001,-2.0711069568118012,5.143297999999998
794,1.8993579999999997,0.4569135000000003,-2.1670651066967004,7.579834999999997
795,4.40006,0.45014070000000017,-2.117510304600701,7.211609000000002
796,2.538084000000003,0.36874249999999975,-1.8240581130461004,6.090934000000002
797,3.710017000000002,0.3430841,-1.6132727269031002,3.857182000000002
798,1.8601269999999996,0.4862072999999998,-2.4757458493825006,8.485326999999996
799,3.5554229999999967,0.4131408999999999,-2.2876732614845996,6.550245000000006
800,3.113084999999998,0.3553794000000002,-2.186436168034002,5.751210000000001
801,1.668724,0.3831648999999998,-2.1100436201416004,5.506919999999999
802,1.2608750000000004,0.3745435999999998,-1.7089872011224998,6.0695599999999965
803,0.2656919999999998,0.3747475999999997,-2.400892848883499,4.921637999999996
804,0.4874030000000007,0.4052640000000004,-2.6186350736482007,6.907272999999998
805,3.257987,0.38013440000000004,-2.205261242673899,6.191497000000002
806,2.7636409999999985,0.3739172000000001,-2.522322522327302,4.709949999999998
807,2.567113,0.4060326000000001,-2.5229326710038005,6.730004999999998
808,2.0944900000000013,0.3927902999999999,-2.3321419923018993,5.339757000000003
809,2.0689699999999984,0.4644695999999999,-2.3039544897421016,8.095364999999996
810,1.979986000000001,0.38644829999999997,-2.1251533887066,6.288494000000004
811,1.6878299999999995,0.3906381999999999,-2.5460091930930018,6.273332
812,1.426253,0.4154551000000002,-2.613851025164701,7.287182000000007
813,0.23239499999999985,0.3387276,-2.509967096842502,4.802466000000001
814,0.8410939999999999,0.37447259999999966,-2.338660029658402,5.351927999999999
815,1.0110330000000003,0.39221659999999986,-2.514429298391699,5.9800229999999965
816,2.116856,0.4077247000000002,-2.4026974224672,6.701555999999998
817,0.1781769999999999,0.4709219500000002,-3.0075182988308016,8.505253999999999
818,1.3388549999999997,0.33664330000000015,-2.3669684773578,4.9737500000000034
819,1.976679,0.45045139999999984,-2.559934390934201,7.942692000000005
820,2.7802599999999997,0.4227805000000003,-2.360291859248399,5.887011000000005
821,1.7880610000000001,0.3480651000000003,-2.3636651131992994,6.226523000000001
822,1.2668299999999997,0.41314359999999994,-3.0127894317221995,7.098808000000004
823,1.7746600000000003,0.3455734999999999,-2.378441565003302,5.549696000000001
824,1.6453710000000012,0.4263813000000002,-2.537091015835102,7.0955600000000025
825,1.6920259999999998,0.39822609999999997,-2.3136615405532,6.572815
826,1.8295660000000005,0.4114876,-2.4388712431812007,7.195056000000001
827,3.6260459999999983,0.394017,-2.2320164670341995,6.204228
828,2.1171140000000004,0.48683200000000015,-2.6398698489824017,8.677524000000004
829,3.507981999999997,0.35957190000000006,-2.0731521923778997,5.354785000000001
830,1.2083040000000007,0.3964572000000001,-2.6993505856125997,6.574453000000002
831,3.2131129999999986,0.3849401000000002,-2.050960965086299,4.975784000000001
832,2.8451830000000005,0.4065208999999996,-2.2812084575365024,6.482636999999999
833,4.190838000000004,0.3500981999999999,-1.8336717894011008,5.17156
834,1.8217080000000008,0.44308919999999946,-2.1030469561069993,6.337821999999994
835,2.5866089999999993,0.38414539999999997,-2.3186222418081,5.569593
836,1.183481999999999,0.4200975000000001,-2.6453144475653,6.761356000000001
837,2.870921,0.37582810000000016,-2.051182169691201,4.32384
838,0.8492720000000001,0.4028913999999999,-2.795370789657,6.603005000000001
839,3.030597,0.3668527000000001,-2.4138084747505006,4.329922999999999
840,1.609233999999999,0.40963570000000016,-2.7570731337483,6.834542999999994
841,1.7913030000000003,0.41443599999999997,-2.0200903548422997,5.7254200000000015
842,1.7873339999999995,0.4128459000000001,-2.711737929615,6.605343999999998
843,1.3556779999999997,0.4079397000000003,-2.687466868465502,6.631078000000001
844,2.051039999999999,0.4035641,-2.171495177469599,6.603791999999999
845,2.6864349999999995,0.38364450000000005,-2.375317887585999,5.454752
846,2.6632449999999994,0.39218580000000003,-2.0267253298331993,6.457746000000002
847,3.269058999999999,0.33807109999999996,-2.1301123602179994,3.9631050000000045
848,2.3964040000000004,0.39480550000000003,-2.234542227621601,6.336183
849,1.6047929999999997,0.4146697999999999,-2.7541968913091988,6.565591999999998
850,2.133179000000001,0.4512900999999999,-2.4534609542225008,7.633687000000002
851,1.4266930000000009,0.37476300000000007,-2.4766213623239,5.881589
852,1.9720230000000003,0.34302270000000007,-2.2693504438175007,5.366522
853,3.6758689999999974,0.38169319999999984,-1.5409870189134003,5.644790000000001
854,2.153857999999999,0.4022278000000002,-2.608172970701101,6.910976000000001
855,2.186165,0.40798250000000025,-2.4538765089123,6.6020539999999945
856,3.4040520000000005,0.3848451999999999,-2.1437993960375,5.1857560000000005
857,2.4700379999999997,0.45767740000000035,-2.5309291871884008,7.783998999999998
858,3.0799499999999993,0.3873671000000001,-2.1355648244285006,5.413630000000001
859,2.632195999999999,0.3668041,-1.8648985661394994,5.695162999999996
860,3.7237350000000005,0.33932149999999983,-2.093171067534001,4.435352000000003
861,3.287935,0.3649998999999996,-2.0639984255592,5.275179000000004
862,3.435797,0.30433299999999996,-2.1965361071368994,2.840777999999999
863,1.7206270000000004,0.3756981,-1.9492873024778,4.2388520000000005
864,3.642848000000002,0.3302130999999999,-1.7862779571029004,4.438161999999999
865,0.9400620000000002,0.4109778,-2.9486285577020994,6.601322000000003
866,3.016151,0.3282313000000002,-1.8525612199767993,3.820108000000003
867,3.980383,0.4062249,-2.081934903794599,6.595090999999997
868,1.7712949999999994,0.4125869999999999,-2.4183156355104014,7.313483000000002
869,1.7444900000000017,0.3959361000000001,-2.4450643063911013,6.801668999999999
870,1.387009,0.3442533000000001,-2.1963935994699004,5.54487
871,1.809424,0.4043848000000001,-1.8769069742905997,6.268954000000001
872,1.443822,0.4138063999999998,-2.7982797479782,6.690212000000006
873,1.6847980000000007,0.4636971000000004,-1.8073343583328998,7.754101000000005
874,4.532235000000002,0.41736269999999975,-2.410488976885401,5.765160999999997
875,3.3571340000000003,0.3662511,-2.1125528145933,4.282969000000001
876,2.4462059999999983,0.36906160000000005,-2.1155404012737975,5.676522999999999
877,0.9018869999999997,0.40503139999999993,-2.972623775772101,6.840672000000001
878,2.302327000000002,0.31144920000000004,-1.8550666033502017,5.585954000000004
879,0.6138939999999998,0.30869229999999986,-2.2240804662055003,5.345943
880,1.9292110000000011,0.4184297000000003,-2.1874270939464004,6.683946
881,1.7885339999999998,0.3446533999999999,-1.646521906110101,5.379533000000004
882,3.161337999999999,0.39461270000000004,-2.5480766464250006,6.4166659999999975
883,1.9138389999999998,0.5032954000000003,-1.9874507357812994,9.413400999999999
884,3.920277,0.3947790000000002,-2.245707038744,6.545144999999999
885,2.670775000000001,0.4157968000000003,-2.3997387077634986,6.186321000000003
886,1.3707509999999994,0.4071119,-2.6499888596041,6.534350999999998
887,2.610623999999999,0.3923991999999998,-1.9462125429339003,6.367345999999999
888,3.1871369999999994,0.3750509999999999,-2.3471670696806006,3.9538950000000015
889,3.120063999999999,0.3885774000000001,-2.4577869469752986,6.378404000000004
890,2.2801869999999993,0.4283844999999998,-2.7309026529623,7.340280000000003
891,2.4757680000000004,0.4066202,-2.6853784208522002,6.5159059999999975
892,3.136147999999999,0.31791540000000007,-1.6304198987054002,3.558954
893,3.8166729999999984,0.36125730000000017,-2.2018103522048023,4.898503999999999
894,4.457985,0.3625603000000001,-1.6488477299688007,5.445455999999999
895,2.990173999999996,0.3733773999999995,-2.662678982893,4.215066999999998
896,2.9078120000000003,0.38788369999999994,-1.5080594496586013,6.351378999999998
897,1.8745739999999995,0.36016640000000016,-2.557981701467503,5.668223
898,1.9851999999999999,0.4084203,-2.627858578225099,7.033232999999998
899,3.86994,0.4080608,-2.4096541142038,6.504707
900,2.6024609999999995,0.43332019999999977,-2.0906058353031995,6.8848579999999995
901,1.2212160000000005,0.4177066,-3.1455076210649975,6.617439000000003
902,2.6467449999999992,0.36503300000000005,-2.115371399262001,4.235905000000003
903,3.5759749999999975,0.3742061000000001,-2.612343978960701,5.751044000000003
904,2.129277999999999,0.3572272,-2.448878668255,5.618760000000001
905,3.2328589999999995,0.3658844000000002,-2.195295383168701,3.967449000000004
906,1.2389750000000002,0.33801710000000007,-2.183256427552799,5.340356999999998
907,1.405103,0.3890326000000001,-2.305985338278601,6.0201649999999995
908,2.8307149999999996,0.37609570000000003,-2.0103763772467,6.231302000000003
909,1.8616389999999998,0.4416021999999996,-2.5648363421522014,6.506972000000001
910,2.311312000000001,0.5084302999999997,-2.581127646171201,9.382862
911,0.783769,0.3712910000000002,-2.0934141963172994,6.082267000000005
912,2.000257999999999,0.4056014999999998,-2.4271939431285,6.570695999999999
913,1.953833,0.3664516,-2.533985001225301,5.614558000000003
914,2.15164,0.42191839999999986,-2.4278264983998,6.7813609999999995
915,3.093177999999999,0.34348519999999966,-2.3929207363286014,4.021507000000001
916,1.7358419999999999,0.38294530000000004,-2.2061138655501007,6.258370000000005
917,2.2110220000000003,0.42211200000000004,-2.4759077743841997,6.785835
918,4.351316999999997,0.3832190999999998,-2.1070818971035,4.878272000000001
919,3.152642,0.40330380000000005,-2.4137125999989,6.392715000000003
920,2.9824520000000003,0.38507639999999993,-2.0961080909744996,5.937306000000003
921,1.9972489999999998,0.388104,-2.1396330267966013,6.480188000000002
922,4.927989999999999,0.35921739999999985,-2.1128375187825004,4.6814269999999985
923,2.744142,0.4226494999999998,-2.895029117574801,6.922842999999997
924,2.0849800000000007,0.3661205000000001,-1.7094763769648,5.933540000000001
925,4.326347999999997,0.39897669999999996,-2.0121451138673017,6.067666
926,2.4906609999999993,0.3888542,-1.5978779166164998,6.692911999999996
927,2.7178430000000007,0.38132970000000005,-1.8171074745014002,6.060733000000002
928,2.8555089999999974,0.3758848,-2.302162172420398,5.201754000000001
929,4.159203000000002,0.3518074999999999,-1.8516321165618004,4.432964000000001
930,3.181544999999998,0.3873018,-2.0191610009118994,5.7865319999999985
931,3.6162850000000004,0.3423530999999997,-2.0520559952320996,4.696328000000001
932,3.424060000000001,0.40248710000000004,-2.4320269253605007,6.3738699999999975
933,1.6444459999999999,0.4456083,-2.108046351116599,6.489513999999996
934,4.037526999999998,0.39481099999999986,-2.1713609214853,5.727748000000003
935,1.7794960000000009,0.41786440000000014,-1.766469781419901,7.156636000000001
936,1.8646670000000005,0.44935189999999975,-2.399228794135399,7.849833000000007
937,1.9892620000000005,0.36197329999999994,-2.0301422803205007,6.014023999999996
938,1.7406029999999995,0.4637421000000001,-2.4479249944711015,7.750387999999999
939,4.061192999999996,0.45567810000000025,-2.037016204152799,6.662027000000004
940,2.1752639999999994,0.4280452,-2.406585080462701,6.894145000000008
941,3.4185459999999983,0.3815891,-2.2276993619316996,5.823022
942,1.7476010000000004,0.4558797000000004,-2.3957893385969022,7.698683000000001
943,2.544089000000001,0.3894096000000003,-2.2519506203226016,6.102429999999999
944,1.5136400000000003,0.38315420000000017,-2.3898113474558,6.195534
945,2.698157000000001,0.40656959999999986,-2.6041404717255006,6.484037
946,1.442165,0.3662538999999999,-2.2564565658734006,5.524375
947,2.780712000000002,0.3850596999999999,-2.3772015414402983,4.482047999999999
948,0.8821690000000001,0.4122791999999999,-2.9020991003815997,6.569426000000002
949,0.7296409999999999,0.35219199999999984,-2.922614283198199,5.678444999999999
950,2.824276,0.3787213999999999,-2.304898985396801,6.028765000000001
951,0.7628970000000003,0.39966579999999985,-2.5340957459653994,6.116562999999997
952,3.003048999999999,0.3997720999999998,-2.5563009681555005,6.374981000000003
953,2.1475730000000004,0.3222958000000002,-1.6057321785207006,3.978824000000001
954,1.7294890000000003,0.31583600000000017,-1.9840569974831006,4.488785000000001
955,1.411511,0.378128,-1.9053029429906991,6.786064999999999
956,1.7948659999999996,0.37612189999999984,-1.7300608705717009,6.314275000000006
957,4.394041999999996,0.39466239999999986,-2.2714807078837995,5.748416000000003
958,3.0516109999999985,0.3631524999999998,-1.5244970033354,4.105824000000001
959,1.5562570000000004,0.41351240000000006,-2.566575814810901,6.687186999999999
960,1.9388340000000006,0.5057899000000002,-2.582857260902198,9.378176999999994
961,1.347395,0.41842269999999976,-2.5349964521558004,6.598474000000002
962,2.9163359999999994,0.4033572999999997,-1.948584966415599,5.613282000000001
963,0.7746670000000002,0.3398752999999997,-2.426420639087601,5.316734
964,3.113372000000002,0.40541510000000003,-2.3056179617153982,5.922811000000003
965,1.9986909999999989,0.36809549999999996,-2.1537311112196,6.0896170000000005
966,3.4158530000000025,0.37940560000000007,-2.092740006488599,5.818194999999999
967,2.267671999999998,0.37090579999999995,-2.266028848959801,5.739322999999997
968,4.033974999999999,0.3580025000000002,-1.6655429598885996,5.616076000000003
969,1.0597920000000007,0.3480638999999997,-2.6973513211102005,5.662042999999999
970,2.9740789999999993,0.37019819999999987,-2.1873448494325025,5.657151999999999
971,4.199836999999998,0.389794,-2.1586038032344,5.611622000000002
972,2.123536,0.39457629999999994,-2.2586538587164005,6.3107789999999975
973,3.2135900000000017,0.3555139999999998,-1.8956646209163015,5.768849000000004
974,1.7269160000000008,0.3954434999999998,-2.163765380590101,6.059503999999997
975,1.8157720000000017,0.41358609999999985,-2.2478735477157996,7.178613999999994
976,2.366027000000001,0.41392549999999984,-2.2919819214928014,7.2556189999999985
977,1.7872250000000005,0.3984532000000002,-2.2497697415664994,6.917353
978,4.766369000000001,0.4090866999999999,-2.4604708450264012,7.086540999999999
979,3.6049309999999988,0.3638127000000001,-1.901415949329501,4.260419999999999
980,1.6832220000000004,0.3956309000000002,-2.4458605435805,6.689837
981,1.4521629999999996,0.4075852999999999,-2.3294084483153012,6.587484
982,2.3396239999999997,0.4137099999999998,-2.256400354080501,6.744786000000001
983,2.1582720000000015,0.4128201000000003,-2.898804832354401,6.6946069999999995
984,0.09490099999999999,0.45864669999999996,-2.794750695618399,8.283159999999999
985,5.860822000000001,0.3858370000000001,-1.8951699083795017,6.102586999999994
986,0.8535300000000003,0.38186460000000005,-2.273669958802601,6.171533000000003
987,2.3070989999999996,0.37787729999999997,-1.7185289074342995,6.434061000000002
988,1.8874679999999986,0.40825110000000003,-2.465833868142501,6.561737000000003
989,1.9963279999999992,0.42694669999999973,-2.698831516243699,7.020316000000005
990,2.6931009999999986,0.43625150000000035,-2.5430883845588017,7.482283999999992
991,3.1469169999999993,0.3419716,-1.8906177481818003,5.300774000000002
992,3.289889,0.3809345000000002,-2.1166660334778005,5.991316000000001
993,2.1760930000000003,0.44726620000000017,-2.819595586340201,7.674301000000001
994,1.271278,0.4109155000000002,-2.6265667986195984,6.530313000000006
995,2.7167219999999985,0.3664177000000003,-2.2947642746822012,4.4952669999999975
996,3.3817870000000005,0.37139370000000016,-2.315923515069797,4.569094999999997
997,0.09406200000000002,0.4054603000000002,-2.964975821030401,7.022699000000004
998,1.8527389999999995,0.3440097999999999,-1.8360815544699007,5.831809999999997
999,2.7609179999999998,0.3761949999999999,-2.4334332458264973,4.4546139999999985
